{
	"info": {
		"_postman_id": "b60b74be-33a4-41fa-9707-93dfa01ce4d0",
		"name": "wc",
		"schema": "https://schema.getpostman.com/json/collection/v2.1.0/collection.json"
	},
	"item": [
		{
			"name": "booking",
			"item": [
				{
					"name": "post new booking",
					"request": {
						"method": "POST",
						"header": [],
						"body": {
							"mode": "raw",
							"raw": "{\n    \"pickupPoint\": \"Test114444\",\n    \"dropPoint\": \"testD\",\n    \"pickupTime\": 12,\n    \"carType\": \"testC\",\n    \"expiryTime\": 0,\n    \"location\": \"test2\",\n    \"tripType\": \"test\",\n    \"maxAmount\": 22\n    \n}",
							"options": {
								"raw": {
									"language": "json"
								}
							}
						},
						"url": {
							"raw": "{{base_url}}/dev/booking",
							"host": [
								"{{base_url}}"
							],
							"path": [
								"dev",
								"booking"
							]
						}
					},
					"response": []
				},
				{
					"name": "update booking",
					"request": {
						"method": "POST",
						"header": [],
						"body": {
							"mode": "raw",
							"raw": "{\n    \"location\": \"test\",\n    \"distance\": 0,\n    \"status\": \"\",\n    \"allottedBidId\": \"\",\n    \"customerDetails\": {},\n    \"reviewCollected\": 0,\n    \"submittedAt\": 1615774437895,\n    \"bookingId\": \"19959880-8534-11eb-a8cc-17933df83571\",\n    \"tripType\": \"test\",\n    \"allottedUserId\": \"test22\",\n    \"maxAmount\": 22,\n    \"carType\": \"testC\",\n    \"companyReceivableAmount\": 0,\n    \"pickupPoint\": \"Test114444\",\n    \"pickupTime\": 12,\n    \"updatedAt\": 1615774437895,\n    \"notes\": \"\",\n    \"dropPoint\": \"testD\",\n    \"expiryTime\": 0\n}",
							"options": {
								"raw": {
									"language": "json"
								}
							}
						},
						"url": {
							"raw": "{{base_url}}/dev/booking",
							"host": [
								"{{base_url}}"
							],
							"path": [
								"dev",
								"booking"
							]
						}
					},
					"response": []
				},
				{
					"name": "get booking",
					"request": {
						"method": "GET",
						"header": [],
						"url": {
							"raw": "{{base_url}}/dev/booking/19959880-8534-11eb-a8cc-17933df83571",
							"host": [
								"{{base_url}}"
							],
							"path": [
								"dev",
								"booking",
								"19959880-8534-11eb-a8cc-17933df83571"
							]
						}
					},
					"response": []
				},
				{
					"name": "list bookings",
					"request": {
						"method": "GET",
						"header": [],
						"url": {
							"raw": "{{base_url}}/dev/booking",
							"host": [
								"{{base_url}}"
							],
							"path": [
								"dev",
								"booking"
							]
						}
					},
					"response": []
				},
				{
					"name": "list bookings by userId",
					"request": {
						"method": "GET",
						"header": [],
						"url": {
							"raw": "{{base_url}}/dev/booking/userId/test22",
							"host": [
								"{{base_url}}"
							],
							"path": [
								"dev",
								"booking",
								"userId",
								"test22"
							]
						}
					},
					"response": []
				},
				{
					"name": "list bookings by location",
					"request": {
						"method": "GET",
						"header": [],
						"url": {
							"raw": "{{base_url}}/dev/booking/location/test2",
							"host": [
								"{{base_url}}"
							],
							"path": [
								"dev",
								"booking",
								"location",
								"test2"
							]
						}
					},
					"response": []
				}
			]
		},
		{
			"name": "user",
			"item": [
				{
					"name": "post new user",
					"request": {
						"method": "POST",
						"header": [],
						"body": {
							"mode": "raw",
							"raw": "{\n    \"name\":\"test\",\n    \"email\":\"test22@gmail.com\",\n    \"phone\":\"1000000\",\n    \"password\":\"password\",\n    \"location\":\"test\"\n}",
							"options": {
								"raw": {
									"language": "json"
								}
							}
						},
						"url": {
							"raw": "{{base_url}}/dev/user",
							"host": [
								"{{base_url}}"
							],
							"path": [
								"dev",
								"user"
							]
						}
					},
					"response": []
				},
				{
					"name": "update user",
					"request": {
						"method": "POST",
						"header": [],
						"body": {
							"mode": "raw",
							"raw": "{\n    \"location\": \"\",\n    \"approvalStatus\": \"notApproved\",\n    \"carsDetails\": {},\n    \"carsAvailable\": 0,\n    \"bookingsCount\": 0,\n    \"email\": \"test22@gmail.com\",\n    \"name\": \"test\",\n    \"submittedAt\": 1615774602199,\n    \"avgRating\": 0,\n    \"password\": \"password\",\n    \"role\": \"\",\n    \"carsBooked\": 0,\n    \"profileImgUrl\": \"https://reqres.in/img/faces/4-image.jpg\",\n    \"updatedAt\": 1615774602199,\n    \"userId\": \"1000000\",\n    \"phone\": \"1000000\"\n}",
							"options": {
								"raw": {
									"language": "json"
								}
							}
						},
						"url": {
							"raw": "{{base_url}}/dev/user",
							"host": [
								"{{base_url}}"
							],
							"path": [
								"dev",
								"user"
							]
						}
					},
					"response": []
				},
				{
					"name": "get user",
					"request": {
						"method": "GET",
						"header": [],
						"url": {
							"raw": "{{base_url}}/dev/user/1000000",
							"host": [
								"{{base_url}}"
							],
							"path": [
								"dev",
								"user",
								"1000000"
							]
						}
					},
					"response": []
				},
				{
					"name": "list users",
					"request": {
						"method": "GET",
						"header": [],
						"url": {
							"raw": "{{base_url}}/dev/user",
							"host": [
								"{{base_url}}"
							],
							"path": [
								"dev",
								"user"
							]
						}
					},
					"response": []
				},
				{
					"name": "list users by location",
					"request": {
						"method": "GET",
						"header": [],
						"url": {
							"raw": "{{base_url}}/dev/user/location/test",
							"host": [
								"{{base_url}}"
							],
							"path": [
								"dev",
								"user",
								"location",
								"test"
							]
						}
					},
					"response": []
				}
			]
		},
		{
			"name": "bid",
			"item": [
				{
					"name": "post new bid",
					"request": {
						"method": "POST",
						"header": [],
						"body": {
							"mode": "raw",
							"raw": "{\n    \n    \"linkedUserId\":\"test\",\n    \"linkedBookingId\":\"test\",\n    \"amount\":2222,\n    \"carPlate\":\"test\",\n    \"linkedUserRating\":0.2\n}",
							"options": {
								"raw": {
									"language": "json"
								}
							}
						},
						"url": {
							"raw": "{{base_url}}/dev/bid",
							"host": [
								"{{base_url}}"
							],
							"path": [
								"dev",
								"bid"
							]
						}
					},
					"response": []
				},
				{
					"name": "update bid",
					"request": {
						"method": "POST",
						"header": [],
						"body": {
							"mode": "raw",
							"raw": "{\n        \"bidId\": \"5db648f0-7438-11eb-aa8a-eb4549b9ba1d\",\n\n    \"linkedUserId\":\"test22\",\n    \"linkedBookingId\":\"test2\",\n    \"amount\":2222,\n    \"carPlate\":\"test\",\n    \"linkedUserRating\":0.2\n}",
							"options": {
								"raw": {
									"language": "json"
								}
							}
						},
						"url": {
							"raw": "{{base_url}}/dev/bid",
							"host": [
								"{{base_url}}"
							],
							"path": [
								"dev",
								"bid"
							]
						}
					},
					"response": []
				},
				{
					"name": "get bid",
					"request": {
						"method": "GET",
						"header": [],
						"url": {
							"raw": "{{base_url}}/dev/bid/03dda7e0-852e-11eb-98ca-2331281aad7e",
							"host": [
								"{{base_url}}"
							],
							"path": [
								"dev",
								"bid",
								"03dda7e0-852e-11eb-98ca-2331281aad7e"
							]
						}
					},
					"response": []
				},
				{
					"name": "list bids",
					"request": {
						"method": "GET",
						"header": [],
						"url": {
							"raw": "{{base_url}}/dev/bid",
							"host": [
								"{{base_url}}"
							],
							"path": [
								"dev",
								"bid"
							]
						}
					},
					"response": [
						{
							"name": "get bids",
							"originalRequest": {
								"method": "GET",
								"header": [],
								"url": {
									"raw": "{{base_url}}/dev/bid",
									"host": [
										"{{base_url}}"
									],
									"path": [
										"dev",
										"bid"
									]
								}
							},
							"status": "OK",
							"code": 200,
							"_postman_previewlanguage": "json",
							"header": [
								{
									"key": "Content-Type",
									"value": "application/json"
								},
								{
									"key": "Content-Length",
									"value": "1961"
								},
								{
									"key": "Connection",
									"value": "keep-alive"
								},
								{
									"key": "Date",
									"value": "Mon, 15 Mar 2021 02:19:13 GMT"
								},
								{
									"key": "x-amzn-RequestId",
									"value": "371d6c45-e351-41e2-9512-8bdebcdc6b27"
								},
								{
									"key": "Access-Control-Allow-Origin",
									"value": "*"
								},
								{
									"key": "x-amz-apigw-id",
									"value": "cNOVAGn3vHcFxPA="
								},
								{
									"key": "X-Amzn-Trace-Id",
									"value": "Root=1-604ec41f-3049b023486814a1193d18c8;Sampled=0"
								},
								{
									"key": "X-Cache",
									"value": "Miss from cloudfront"
								},
								{
									"key": "Via",
									"value": "1.1 9e2f847ffc5e44974bd7f01a7603f72d.cloudfront.net (CloudFront)"
								},
								{
									"key": "X-Amz-Cf-Pop",
									"value": "SFO5-C3"
								},
								{
									"key": "X-Amz-Cf-Id",
									"value": "8dqiZB3XrFYZEjcjsUxEYkxE2BxS4190Vea6Q55cA4BS4bAwVQEITw=="
								}
							],
							"cookie": [],
							"body": "{\n    \"bids\": [\n        {\n            \"linkedUserId\": \"test\",\n            \"carPlate\": \"test\",\n            \"linkedBookingId\": \"test\",\n            \"linkedUserRating\": 1.2,\n            \"updatedAt\": 1615771824478,\n            \"status\": \"\",\n            \"amount\": 2222,\n            \"bidId\": \"03dda7e0-852e-11eb-98ca-2331281aad7e\",\n            \"submittedAt\": 1615771824478\n        },\n        {\n            \"linkedUserId\": \"test\",\n            \"carPlate\": \"test\",\n            \"linkedBookingId\": \"test\",\n            \"linkedUserRating\": 0.2,\n            \"updatedAt\": 1615774528472,\n            \"status\": \"\",\n            \"amount\": 2222,\n            \"bidId\": \"4f928c90-8534-11eb-b247-3d24a7266305\",\n            \"submittedAt\": 1615774528472\n        },\n        {\n            \"linkedUserId\": \"test\",\n            \"carPlate\": \"test\",\n            \"linkedBookingId\": \"test\",\n            \"linkedUserRating\": 1.2,\n            \"updatedAt\": 1615769101568,\n            \"status\": \"\",\n            \"amount\": 2222,\n            \"bidId\": \"ace29000-8527-11eb-8505-bf8efa16c933\",\n            \"submittedAt\": 1615769101568\n        },\n        {\n            \"linkedUserId\": \"test\",\n            \"carPlate\": \"test\",\n            \"linkedBookingId\": \"test\",\n            \"linkedUserRating\": 0.2,\n            \"updatedAt\": 1613908874161,\n            \"status\": \"\",\n            \"amount\": 2222,\n            \"bidId\": \"7ef27210-743c-11eb-9c3a-efa209587b35\",\n            \"submittedAt\": 1613908874161\n        },\n        {\n            \"linkedUserId\": \"test\",\n            \"carPlate\": \"test\",\n            \"linkedBookingId\": \"test\",\n            \"linkedUserRating\": 0.2,\n            \"updatedAt\": 1615774732645,\n            \"status\": \"\",\n            \"amount\": 2222,\n            \"bidId\": \"c944b950-8534-11eb-b247-3d24a7266305\",\n            \"submittedAt\": 1615774732645\n        },\n        {\n            \"linkedUserId\": \"test\",\n            \"carPlate\": \"test\",\n            \"linkedBookingId\": \"test\",\n            \"linkedUserRating\": 1.2,\n            \"updatedAt\": 1615769109301,\n            \"status\": \"\",\n            \"amount\": 2222,\n            \"bidId\": \"b17e8650-8527-11eb-8505-bf8efa16c933\",\n            \"submittedAt\": 1615769109301\n        },\n        {\n            \"linkedUserId\": \"test\",\n            \"carPlate\": \"test\",\n            \"linkedBookingId\": \"test\",\n            \"linkedUserRating\": 0.2,\n            \"updatedAt\": 1615774737313,\n            \"status\": \"\",\n            \"amount\": 2222,\n            \"bidId\": \"5db648f0-7438-11eb-aa8a-eb4549b9ba1d\",\n            \"submittedAt\": 1615774737313\n        },\n        {\n            \"linkedUserId\": \"test\",\n            \"carPlate\": \"test\",\n            \"linkedBookingId\": \"test\",\n            \"linkedUserRating\": 1,\n            \"updatedAt\": 1615769096252,\n            \"status\": \"\",\n            \"amount\": 2222,\n            \"bidId\": \"a9b78ed0-8527-11eb-8505-bf8efa16c933\",\n            \"submittedAt\": 1615769096252\n        },\n        {\n            \"linkedUserId\": \"test\",\n            \"carPlate\": \"test\",\n            \"linkedBookingId\": \"test\",\n            \"linkedUserRating\": 1.2,\n            \"updatedAt\": 1615769107011,\n            \"status\": \"\",\n            \"amount\": 2222,\n            \"bidId\": \"b0211930-8527-11eb-8505-bf8efa16c933\",\n            \"submittedAt\": 1615769107011\n        }\n    ]\n}"
						}
					]
				},
				{
					"name": "list bids by bookingId",
					"request": {
						"method": "GET",
						"header": [],
						"url": {
							"raw": "{{base_url}}/dev/bid/bookingId/test2",
							"host": [
								"{{base_url}}"
							],
							"path": [
								"dev",
								"bid",
								"bookingId",
								"test2"
							]
						}
					},
					"response": []
				},
				{
					"name": "list bids by userId",
					"request": {
						"method": "GET",
						"header": [],
						"url": {
							"raw": "{{base_url}}/dev/bid/userId/test22",
							"host": [
								"{{base_url}}"
							],
							"path": [
								"dev",
								"bid",
								"userId",
								"test22"
							]
						}
					},
					"response": []
				}
			]
		},
		{
			"name": "car",
			"item": [
				{
					"name": "post new car",
					"request": {
						"method": "POST",
						"header": [],
						"body": {
							"mode": "raw",
							"raw": "{\n    \"linkedUserId\": \"test\",\n    \"carManufactureYear\": 2222,\n    \"carDetails\": {\n        \"stest\": \"test\"\n    },\n    \"carPlate\": \"test\"\n}",
							"options": {
								"raw": {
									"language": "json"
								}
							}
						},
						"url": {
							"raw": "{{base_url}}/dev/car",
							"host": [
								"{{base_url}}"
							],
							"path": [
								"dev",
								"car"
							]
						}
					},
					"response": []
				},
				{
					"name": "update car",
					"request": {
						"method": "POST",
						"header": [],
						"body": {
							"mode": "raw",
							"raw": "{\n    \"linkedUserId\": \"test\",\n    \"carManufactureYear\": 4444,\n    \"carPlate\": \"test\",\n    \"carDetails\": {},\n    \"updatedAt\": 1615347015281\n}",
							"options": {
								"raw": {
									"language": "json"
								}
							}
						},
						"url": {
							"raw": "{{base_url}}/dev/car",
							"host": [
								"{{base_url}}"
							],
							"path": [
								"dev",
								"car"
							]
						}
					},
					"response": []
				},
				{
					"name": "get car",
					"request": {
						"method": "GET",
						"header": [],
						"url": {
							"raw": "{{base_url}}/dev/car/test",
							"host": [
								"{{base_url}}"
							],
							"path": [
								"dev",
								"car",
								"test"
							]
						}
					},
					"response": []
				},
				{
					"name": "list cars",
					"request": {
						"method": "GET",
						"header": [],
						"url": {
							"raw": "{{base_url}}/dev/car",
							"host": [
								"{{base_url}}"
							],
							"path": [
								"dev",
								"car"
							]
						}
					},
					"response": []
				},
				{
					"name": "carListByUserId",
					"protocolProfileBehavior": {
						"disableBodyPruning": true
					},
					"request": {
						"method": "GET",
						"header": [],
						"body": {
							"mode": "formdata",
							"formdata": [
								{
									"key": "userId",
									"value": "test",
									"type": "text"
								}
							],
							"options": {
								"raw": {
									"language": "json"
								}
							}
						},
						"url": {
							"raw": "{{base_url}}/dev/car/userId/test",
							"host": [
								"{{base_url}}"
							],
							"path": [
								"dev",
								"car",
								"userId",
								"test"
							]
						}
					},
					"response": []
				}
			]
		}
	],
	"event": [
		{
			"listen": "prerequest",
			"script": {
				"type": "text/javascript",
				"exec": [
					""
				]
			}
		},
		{
			"listen": "test",
			"script": {
				"type": "text/javascript",
				"exec": [
					""
				]
			}
		}
	],
	"variable": [
		{
			"key": "base_url",
			"value": " https://a46jrcmngi.execute-api.us-west-2.amazonaws.com"
		}
	]
}