{
	"info": {
		"_postman_id": "b60b74be-33a4-41fa-9707-93dfa01ce4d0",
		"name": "wc",
		"schema": "https://schema.getpostman.com/json/collection/v2.1.0/collection.json"
	},
	"item": [
		{
			"name": "get bookings",
			"request": {
				"method": "GET",
				"header": [],
				"url": {
					"raw": "https://yo499c2xab.execute-api.us-west-2.amazonaws.com/dev/booking",
					"protocol": "https",
					"host": [
						"yo499c2xab",
						"execute-api",
						"us-west-2",
						"amazonaws",
						"com"
					],
					"path": [
						"dev",
						"booking"
					]
				}
			},
			"response": []
		},
		{
			"name": "post booking",
			"request": {
				"method": "POST",
				"header": [],
				"body": {
					"mode": "raw",
					"raw": "{pickupPoint:'test'\ndropPoint:'test'\npickupTime:1\ncarType:'test'\nexpiryTime:2}"
				},
				"url": {
					"raw": "https://yo499c2xab.execute-api.us-west-2.amazonaws.com/dev/booking",
					"protocol": "https",
					"host": [
						"yo499c2xab",
						"execute-api",
						"us-west-2",
						"amazonaws",
						"com"
					],
					"path": [
						"dev",
						"booking"
					]
				}
			},
			"response": []
		},
		{
			"name": "get user",
			"request": {
				"method": "GET",
				"header": [],
				"url": {
					"raw": ""
				}
			},
			"response": []
		},
		{
			"name": "post user",
			"request": {
				"method": "POST",
				"header": [],
				"body": {
					"mode": "raw",
					"raw": "{\n    \"firstName\":\"test\",\n    \"lastName\":\"test\",\n    \"email\":\"test22@gmail.com\",\n    \"phone\":\"+1000000\"\n\n\n}",
					"options": {
						"raw": {
							"language": "json"
						}
					}
				},
				"url": {
					"raw": "https://yo499c2xab.execute-api.us-west-2.amazonaws.com/dev/user/",
					"protocol": "https",
					"host": [
						"yo499c2xab",
						"execute-api",
						"us-west-2",
						"amazonaws",
						"com"
					],
					"path": [
						"dev",
						"user",
						""
					]
				}
			},
			"response": []
		}
	]
}